exchange,symbol,date,increase,retracement,label
kucoin,0GUSDT,2025-09-22,34.2135,0.7147,pump
kucoin,1INCHUSDT,2025-06-25,1.1385,0.352,pump
kucoin,2ZUSDT,2025-10-02,90.825,0.7585,pump
kucoin,9BITUSDT,2026-02-09,4.5617,0.1408,volatile_control
kucoin,ABTC,2025-05-28,1.1562,1.0944,pump
kucoin,A2ZUSDT,2025-08-01,3.145,0.7632,pump
kucoin,A47USDT,2025-07-28,0.5833,0.7337,pump
kucoin,AAVEBTC,2025-08-06,0.507,0.4161,pump
kucoin,AAVEUSDT,2025-08-06,0.5111,0.5161,pump
kucoin,ACHUSDT,2025-07-02,0.7997,0.3967,pump
kucoin,ACNUSDT,2026-04-29,13.0845,0.9566,pump
kucoin,ACQUSDT,2025-06-18,0.6107,0.408,pump
kucoin,ACSUSDT,2025-06-19,0.555,0.9223,pump
kucoin,ACTSOLUSDT,2025-10-31,0.557,1.2046,pump
kucoin,ACUUSDT,2026-01-20,11.8953,0.8077,pump
kucoin,ACXUSDT,2025-07-01,0.9838,0.5736,pump
kucoin,ADAUSDT,2025-06-30,0.5508,0.2503,volatile_control
kucoin,ADIUSDT,2025-12-09,3.277,0.1342,volatile_control
kucoin,ADXUSDT,2025-07-06,0.5367,0.282,volatile_control
kucoin,AERGOUSDT,2025-06-18,0.5178,0.8729,pump
kucoin,AEROUSDT,2025-05-29,0.5017,0.5322,pump
kucoin,AEVOUSDT,2025-06-23,0.8681,0.5136,pump
kucoin,AGIUSDT,2025-07-02,0.6551,0.1367,volatile_control
kucoin,AGLDUSDT,2026-01-12,0.526,1.2997,pump
kucoin,AGTUSDT,2025-05-21,0.931,0.6058,pump
kucoin,AIUSDT,2026-04-29,7.882,0.756,pump
kucoin,AI3USDT,2025-08-27,2.78,0.9955,pump
kucoin,AINUSDT,2025-07-05,13.3807,0.4814,pump
kucoin,AIOUSDT,2025-08-02,5.528,0.4955,pump
kucoin,AIOZUSDT,2025-07-04,0.5734,0.4434,pump
kucoin,AIXBTUSDT,2025-05-18,0.5309,0.9831,pump
kucoin,AKEUSDT,2025-08-21,1.9445,0.4497,pump
kucoin,AKTUSDT,2025-12-26,0.5492,0.2573,volatile_control
kucoin,ALEPHUSDT,2025-06-18,0.507,0.8254,pump
kucoin,ALEXUSDT,2025-07-15,0.5089,1.0351,pump
kucoin,ALGOBTC,2025-06-26,0.5678,0.2409,volatile_control
kucoin,ALGOUSDT,2025-06-26,0.7634,0.2273,volatile_control
kucoin,ALICEUSDT,2025-09-21,0.8425,1.1672,pump
kucoin,ALKIMIUSDT,2025-08-19,0.75,1.6115,pump
kucoin,ALLOUSDT,2025-11-11,2.5928,1.1629,pump
kucoin,ALPINEUSDT,2025-06-19,0.641,0.7279,pump
kucoin,ALTUSDT,2025-05-29,0.6865,0.9073,pump
kucoin,ALUUSDT,2025-07-02,0.5292,1.5651,pump
kucoin,AMPUSDT,2025-12-22,0.5297,0.6233,pump
kucoin,ANIMEUSDT,2025-05-22,0.9344,0.6099,pump
kucoin,ANKRBTC,2026-03-05,0.5246,0.6828,pump
kucoin,ANKRUSDT,2026-02-28,0.5647,0.7833,pump
kucoin,ANLOGUSDT,2025-10-11,0.7635,0.1796,volatile_control
kucoin,ANOMEUSDT,2025-10-17,19.0,0.5731,pump
kucoin,ANYONEUSDT,2025-06-23,0.8977,0.1507,volatile_control
kucoin,APEUSDT,2026-04-06,2.2305,0.6388,pump
kucoin,API3USDT,2025-07-03,0.6251,0.4612,pump
kucoin,APRUSDT,2025-11-10,0.5824,1.5916,pump
kucoin,ARBTC,2025-07-03,0.5325,0.2405,volatile_control
kucoin,ARUSDT,2025-07-03,0.6577,0.1545,volatile_control
kucoin,ARBUSDT,2025-06-23,0.617,0.2027,volatile_control
kucoin,ARCAUSDT,2025-05-15,0.5435,1.1394,pump
kucoin,ARCSOLUSDT,2025-06-23,0.5789,0.3788,pump
kucoin,ARIAUSDT,2025-08-21,5.0324,0.3597,pump
kucoin,ARKMUSDT,2025-09-02,0.547,0.4598,pump
kucoin,ARPAUSDT,2025-10-11,0.6166,0.7634,pump
kucoin,ARTUSDT,2025-09-09,1.2945,1.5649,pump
kucoin,ARTFIUSDT,2025-06-06,0.8057,1.1168,pump
kucoin,ARTYUSDT,2025-06-03,0.5023,1.29,pump
kucoin,ASPUSDT,2025-07-24,4.0,0.8997,pump
kucoin,ASSETUSDT,2026-04-30,5.7405,0.1617,volatile_control
kucoin,ASTERUSDT,2025-09-24,0.5823,1.4116,pump
kucoin,ASTRUSDT,2025-10-01,0.5028,1.3249,pump
kucoin,ATAUSDT,2026-03-31,0.5064,0.6721,pump
kucoin,ATHUSDT,2025-08-21,0.5915,0.4575,pump
kucoin,AUCTIONUSDT,2025-06-25,0.7061,0.619,pump
kucoin,AUDIOUSDT,2026-03-30,0.9363,0.7983,pump
kucoin,AURORAUSDT,2025-08-09,0.5957,0.9874,pump
kucoin,AVABTC,2025-06-29,0.5723,0.7802,pump
kucoin,AVAUSDT,2025-10-11,0.6386,0.9298,pump
kucoin,AVAAIUSDT,2025-05-20,0.5338,1.6779,pump
kucoin,AVAILUSDT,2025-08-27,1.5794,0.8908,pump
kucoin,AVAXUSDT,2025-09-01,0.5304,0.2112,volatile_control
kucoin,AVNTUSDT,2025-09-09,37.0941,0.4553,pump
kucoin,AWEUSDT,2025-05-21,17.6291,0.9927,pump
kucoin,AXSUSDT,2025-12-27,0.7028,0.5616,pump
kucoin,AZEROUSDT,2025-05-28,0.5381,1.1268,pump
kucoin,AZTECUSDT,2026-02-12,3.976,0.7352,pump
kucoin,B2USDT,2025-06-14,0.6424,0.6183,pump
kucoin,B3USDT,2025-10-11,0.6087,0.6176,pump
kucoin,BABYUSDT,2025-07-09,0.5087,0.5472,pump
kucoin,BABYDOGEUSDT,2025-06-28,0.5041,0.3363,pump
kucoin,BALUSDT,2025-07-03,1.1526,0.6411,pump
kucoin,BANUSDT,2025-08-06,0.5033,0.1889,volatile_control
kucoin,BANANAUSDT,2025-06-26,0.5264,0.3929,pump
kucoin,BANDUSDT,2025-08-04,1.1003,0.3384,pump
kucoin,BARDUSDT,2025-10-10,0.5145,1.2517,pump
kucoin,BASUSDT,2025-08-21,2.0144,0.4484,pump
kucoin,BASEDUSDT,2026-03-30,9.835,0.7905,pump
kucoin,BATUSDT,2025-09-25,0.6615,0.4481,pump
kucoin,BAXUSDT,2025-11-05,1.1395,0.7531,pump
kucoin,BBUSDT,2025-06-23,0.6247,0.5301,pump
kucoin,BCUTUSDT,2025-05-21,0.6003,1.0199,pump
kucoin,BDXBTC,2025-12-04,0.5023,0.4362,pump
kucoin,BERAUSDT,2025-06-28,0.5442,0.2586,volatile_control
kucoin,BERTUSDT,2025-08-22,0.8398,0.704,pump
kucoin,BFCUSDT,2025-05-24,0.6577,0.6073,pump
kucoin,BICOUSDT,2025-08-03,0.518,0.8422,pump
kucoin,BILLUSDT,2026-05-04,21.66,0.2,volatile_control
kucoin,BIOUSDT,2025-06-23,0.5272,0.315,pump
kucoin,BIRBUSDT,2026-01-28,10.1826,0.7106,pump
kucoin,BLASTUSDT,2025-06-29,0.6215,0.3968,pump
kucoin,BLENDUSDT,2026-04-24,9.876,0.919,pump
kucoin,BLUAIUSDT,2025-10-21,6.5146,0.7521,pump
kucoin,BLUEUSDT,2025-05-18,0.5463,0.7746,pump
kucoin,BLUMUSDT,2025-07-08,1.4373,0.9003,pump
kucoin,BLURUSDT,2025-07-03,0.7642,0.3706,pump
kucoin,BLZUSDT,2025-07-05,0.5015,0.6597,pump
kucoin,BMTUSDT,2025-05-19,0.5171,0.2281,volatile_control
kucoin,BMXUSDT,2025-09-02,0.6246,0.4135,pump
kucoin,BNKRUSDT,2026-02-13,3.4803,1.0624,pump
kucoin,BNRENSHENGUSDT,2026-01-09,1.6303,0.7573,pump
kucoin,BOBUSDT,2025-11-20,2.126,0.698,pump
kucoin,BOBAUSDT,2025-05-15,0.6858,0.9451,pump
kucoin,BOMEUSDT,2025-06-23,0.5503,0.338,pump
kucoin,BONKUSDT,2025-06-20,0.6829,0.3022,pump
kucoin,BOSUSDT,2025-10-29,2.1579,1.011,pump
kucoin,BOSONUSDT,2025-06-30,0.5867,0.5145,pump
kucoin,BRUSDT,2025-06-05,0.9679,0.2759,volatile_control
kucoin,BRETTUSDT,2025-06-23,0.6955,0.2239,volatile_control
kucoin,BREVUSDT,2026-01-06,2.75,0.9716,pump
kucoin,BRISEUSDT,2025-07-02,0.7474,0.4621,pump
kucoin,BSVBTC,2025-07-01,0.5551,1.3151,pump
kucoin,BSVUSDT,2025-05-17,0.511,1.2629,pump
kucoin,BSWUSDT,2025-06-13,0.5923,1.3841,pump
kucoin,BTGUSDT,2026-01-02,0.6567,1.0137,pump
kucoin,BTRUSDT,2025-08-27,2.6,0.5922,pump
kucoin,BULLAUSDT,2025-07-08,0.8988,0.6275,pump
kucoin,CUSDT,2025-07-14,25.8875,0.5293,pump
kucoin,C98USDT,2025-05-25,0.5411,1.3323,pump
kucoin,CAKEUSDT,2025-09-16,0.5273,0.396,pump
kucoin,CAMPUSDT,2025-08-27,78.098,0.8515,pump
kucoin,CARVUSDT,2026-01-26,0.543,1.5584,pump
kucoin,CATUSDT,2025-06-23,0.5451,0.4048,pump
kucoin,CATIUSDT,2025-07-02,0.5385,0.5664,pump
kucoin,CCUSDT,2025-11-10,7.7495,0.643,pump
kucoin,CCDUSDT,2025-06-20,0.5883,0.4924,pump
kucoin,CELOUSDT,2025-07-05,0.5067,0.4224,pump
kucoin,CEREUSDT,2025-10-11,0.5114,0.2974,volatile_control
kucoin,CESSUSDT,2025-06-26,12.4422,1.038,pump
kucoin,CETUSUSDT,2025-07-02,0.5248,0.3132,pump
kucoin,CFGUSDT,2025-05-15,0.8309,0.8088,pump
kucoin,CFXUSDT,2025-06-25,0.5138,0.2151,volatile_control
kucoin,CGPTUSDT,2025-06-23,0.5223,0.2697,volatile_control
kucoin,CHEEMSUSDT,2025-09-20,0.6898,0.3813,pump
kucoin,CHEQUSDT,2025-07-26,0.5777,0.8577,pump
kucoin,CHILLGUYUSDT,2025-06-23,0.7294,0.229,volatile_control
kucoin,CHIPUSDT,2026-04-21,27.0746,0.6311,pump
kucoin,CHIRPUSDT,2025-05-15,3.7724,0.5987,pump
kucoin,CHOUSDT,2025-07-08,0.5995,0.4224,pump
kucoin,CHRUSDT,2025-08-03,0.515,0.7296,pump
kucoin,CHZBTC,2025-06-19,1.4838,0.9543,pump
kucoin,CHZUSDT,2025-12-16,0.523,0.1291,volatile_control
kucoin,CKBBTC,2025-07-02,0.9406,0.2982,volatile_control
kucoin,CKBUSDT,2025-07-02,1.2681,0.3554,pump
kucoin,CLANKERUSDT,2025-06-06,0.8504,0.1698,volatile_control
kucoin,CLOUSDT,2025-10-14,15.6634,0.7209,pump
kucoin,CLOUDUSDT,2025-05-15,0.811,0.6055,pump
kucoin,COLSUSDT,2025-09-15,2.6055,0.8929,pump
kucoin,COMMONUSDT,2025-10-27,7.02,0.9109,pump
kucoin,COMPUSDT,2025-05-31,0.565,0.5513,pump
kucoin,COOKIEUSDT,2025-05-15,1.0553,0.7895,pump
kucoin,COQUSDT,2025-07-04,0.6248,0.321,pump
kucoin,COTIUSDT,2025-10-22,0.8703,0.5728,pump
kucoin,COWUSDT,2025-06-28,0.7779,0.2071,volatile_control
kucoin,CPOOLUSDT,2025-06-26,0.5704,0.2739,volatile_control
kucoin,CREDIUSDT,2025-06-28,0.5199,0.489,pump
kucoin,CROBTC,2025-07-11,0.5083,0.0977,volatile_control
kucoin,CROUSDT,2025-06-30,0.5735,0.2191,volatile_control
kucoin,CROSSUSDT,2025-07-04,21.34,0.3251,pump
kucoin,CRTRUSDT,2026-02-23,3.364,0.5067,pump
kucoin,CRVUSDT,2025-06-30,1.1959,0.2993,volatile_control
kucoin,CSPRUSDT,2026-03-06,0.6894,0.7013,pump
kucoin,CTAUSDT,2025-05-15,0.5319,0.4823,pump
kucoin,CTCUSDT,2025-11-21,0.6364,1.0442,pump
kucoin,CTSIUSDT,2025-07-02,0.5,0.2806,volatile_control
kucoin,CVCUSDT,2025-10-31,0.5936,1.2143,pump
kucoin,CVXUSDT,2025-06-26,0.7449,0.2125,volatile_control
kucoin,CWEBUSDT,2025-05-15,0.5192,0.5739,pump
kucoin,CXTUSDT,2025-05-15,1.0632,0.9692,pump
kucoin,CYBERUSDT,2025-06-23,0.7254,0.5813,pump
kucoin,CYPRUSDT,2025-10-05,10.6336,0.938,pump
kucoin,CYSUSDT,2025-12-11,4.5399,0.4882,pump
kucoin,DUSDT,2025-06-23,0.9636,0.7351,pump
kucoin,DAGUSDT,2025-07-04,0.6719,0.3174,pump
kucoin,DAOUSDT,2026-02-06,0.5572,1.2501,pump
kucoin,DASHBTC,2025-09-14,0.5014,0.6283,pump
kucoin,DASHUSDT,2025-09-14,0.5397,0.5395,pump
kucoin,DATAUSDT,2025-06-06,0.5161,0.822,pump
kucoin,DBRUSDT,2025-06-10,1.3408,0.5822,pump
kucoin,DCKUSDT,2025-11-23,0.7471,1.2888,pump
kucoin,DCRUSDT,2025-10-17,3.084,0.6605,pump
kucoin,DEEPUSDT,2025-06-23,0.5556,0.1992,volatile_control
kucoin,DEFIUSDT,2025-06-21,0.5525,0.9726,pump
kucoin,DEGENUSDT,2025-06-23,0.6868,0.3886,pump
kucoin,DEGOUSDT,2025-05-15,0.5194,0.2736,volatile_control
kucoin,DENTUSDT,2025-06-23,0.5194,0.3365,pump
kucoin,DEXEUSDT,2025-09-03,0.8809,0.513,pump
kucoin,DGBUSDT,2025-10-19,0.8361,0.4457,pump
kucoin,DIAUSDT,2025-07-04,2.1174,0.409,pump
kucoin,DINUSDT,2025-05-18,0.605,1.243,pump
kucoin,DMCUSDT,2025-06-24,17.5664,0.9687,pump
kucoin,DMTRUSDT,2025-06-30,0.5909,0.2059,volatile_control
kucoin,DNUSDT,2026-01-09,2.7452,1.2463,pump
kucoin,DODOUSDT,2025-11-17,0.515,1.3379,pump
kucoin,DOGEBTC,2025-07-02,0.6794,0.1911,volatile_control
kucoin,DOGEUSDT,2025-07-03,0.7033,0.1396,volatile_control
kucoin,DOGEGOVUSDT,2025-05-15,0.819,1.4494,pump
kucoin,DOGSUSDT,2026-03-30,0.5821,0.584,pump
kucoin,DOLOUSDT,2025-06-23,2.1428,0.6057,pump
kucoin,DOODUSDT,2025-06-23,0.6643,0.576,pump
kucoin,DPRUSDT,2025-08-02,1.0106,1.1545,pump
kucoin,DRIFTUSDT,2025-07-03,1.0251,0.3551,pump
kucoin,DSYNCUSDT,2025-08-11,2.667,0.9516,pump
kucoin,DUCKUSDT,2025-06-06,1.2115,0.7225,pump
kucoin,DUSKUSDT,2025-06-23,0.5194,0.2172,volatile_control
kucoin,DYDXUSDT,2026-04-01,0.5515,0.4111,pump
kucoin,DYMUSDT,2025-06-23,0.5629,0.3948,pump
kucoin,EATUSDT,2025-10-29,1.2217,0.8211,pump
kucoin,ECHOUSDT,2025-07-02,2.0276,1.1977,pump
kucoin,EDENUSDT,2025-09-30,10.34,0.9678,pump
kucoin,EDGEUSDT,2026-03-31,13.39,0.1569,volatile_control
kucoin,EDGENUSDT,2025-06-02,2.3945,1.2372,pump
kucoin,EDUUSDT,2025-08-03,0.5417,0.8615,pump
kucoin,EGL1USDT,2025-09-19,0.9393,0.7617,pump
kucoin,EGLDBTC,2026-05-04,1.2668,0.272,volatile_control
kucoin,EIGENUSDT,2025-06-23,0.5263,0.4368,pump
kucoin,ELAUSDT,2025-08-15,0.7194,0.4053,pump
kucoin,ELIZAOSUSDT,2025-11-10,0.793,1.2057,pump
kucoin,ELONUSDT,2025-12-28,0.5575,0.9301,pump
kucoin,ELPUSDT,2025-07-24,16.8426,1.0303,pump
kucoin,ELSAUSDT,2026-01-20,3.5,1.0891,pump
kucoin,EMYCUSDT,2025-06-30,0.9654,0.1954,volatile_control
kucoin,ENAUSDT,2025-06-23,0.6156,0.426,pump
kucoin,ENJUSDT,2026-02-28,0.5773,0.5719,pump
kucoin,ENSUSDT,2025-06-28,0.5557,0.1997,volatile_control
kucoin,ENSOUSDT,2025-10-14,8.2376,0.8076,pump
kucoin,EPICUSDT,2025-06-21,0.6094,1.0893,pump
kucoin,EQTYUSDT,2025-11-10,2.5176,1.1572,pump
kucoin,ERAUSDT,2025-07-17,3.7272,0.6506,pump
kucoin,ERGBTC,2025-07-02,0.5287,0.5189,pump
kucoin,ERGUSDT,2025-06-23,0.5215,0.2845,volatile_control
kucoin,ESUSDT,2025-07-16,1.4475,1.0991,pump
kucoin,ESEUSDT,2025-09-24,0.5843,0.5675,pump
kucoin,ESIMUSDT,2026-01-05,2.6057,1.2263,pump
kucoin,ESPUSDT,2026-02-12,4.3286,0.6838,pump
kucoin,ETCUSDT,2025-07-01,0.5643,0.1673,volatile_control
kucoin,ETHUSDT,2025-07-03,0.5008,0.0863,volatile_control
kucoin,ETHFIUSDT,2025-06-23,0.5197,0.3601,pump
kucoin,ETHWUSDT,2025-06-30,0.5372,0.3734,pump
kucoin,ETNUSDT,2025-07-08,2.2028,0.5057,pump
kucoin,EULUSDT,2025-06-12,0.5351,0.4435,pump
kucoin,EWTBTC,2025-05-15,0.6155,0.3027,pump
kucoin,EWTUSDT,2025-05-15,0.6273,0.2827,volatile_control
kucoin,FUSDT,2025-08-24,0.5603,0.3617,pump
kucoin,FARTCOINUSDT,2025-06-05,0.63,1.0652,pump
kucoin,FBUSDT,2026-01-09,0.7727,0.6211,pump
kucoin,FETBTC,2025-10-20,0.6709,0.6363,pump
kucoin,FETUSDT,2025-10-20,0.5828,0.7,pump
kucoin,FFUSDT,2025-09-29,64.8,0.8725,pump
kucoin,FIDAUSDT,2025-06-22,0.5714,0.4488,pump
kucoin,FIGHTUSDT,2026-01-22,4.908,0.989,pump
kucoin,FILUSDT,2025-10-20,1.5701,0.4099,pump
kucoin,FITFIUSDT,2025-06-02,0.5042,1.0932,pump
kucoin,FLIPUSDT,2025-06-30,0.5072,0.2383,volatile_control
kucoin,FLKUSDT,2025-10-14,2.114,1.2208,pump
kucoin,FLOCKUSDT,2025-06-06,0.8993,1.0008,pump
kucoin,FLOKIUSDT,2025-06-22,0.5695,0.252,volatile_control
kucoin,FLOWUSDT,2026-02-06,0.6682,1.3048,pump
kucoin,FLRUSDT,2025-07-05,0.6789,0.4518,pump
kucoin,FLUXUSDT,2025-07-02,0.5243,0.0561,volatile_control
kucoin,FOGOUSDT,2026-01-15,2.348,0.8311,pump
kucoin,FOLKSUSDT,2025-11-06,9.8484,0.389,pump
kucoin,FORTUSDT,2025-06-01,0.8088,0.7855,pump
kucoin,FORTHUSDT,2025-08-01,0.5339,0.923,pump
kucoin,FOXYUSDT,2025-06-23,0.6385,0.5186,pump
kucoin,FTTUSDT,2025-07-01,0.6085,0.4021,pump
kucoin,FUELUSDT,2026-01-06,0.5405,1.0348,pump
kucoin,FUNUSDT,2026-01-15,3.2537,0.9536,pump
kucoin,FWOGUSDT,2025-06-06,0.5186,1.4565,pump
kucoin,GUSDT,2026-01-07,0.8711,1.0286,pump
kucoin,G3USDT,2025-07-09,1.1502,1.227,pump
kucoin,GAIAUSDT,2025-07-30,2.3988,1.0182,pump
kucoin,GAINUSDT,2025-09-24,8.6311,1.0776,pump
kucoin,GALAXUSDT,2025-07-05,0.5101,0.5297,pump
kucoin,GAMEAIUSDT,2025-05-16,0.5631,1.3632,pump
kucoin,GENIUSUSDT,2026-04-30,0.7778,0.4471,pump
kucoin,GFUSDT,2026-03-06,16.9288,0.9161,pump
kucoin,GHXUSDT,2025-09-26,0.5789,1.0636,pump
kucoin,GIGAUSDT,2025-05-31,0.5376,1.0664,pump
kucoin,GIGGLEUSDT,2025-10-10,3.5649,0.7014,pump
kucoin,GIZAUSDT,2025-05-20,99.0004,1.0011,pump
kucoin,GLMUSDT,2025-07-02,0.5436,0.385,pump
kucoin,GLMRUSDT,2025-11-21,0.511,0.8506,pump
kucoin,GLQUSDT,2025-10-17,0.5229,1.4833,pump
kucoin,GMEEUSDT,2025-08-02,0.8366,0.6284,pump
kucoin,GMRXUSDT,2025-07-30,0.5862,1.3431,pump
kucoin,GMTUSDT,2025-12-23,1.0669,0.6686,pump
kucoin,GMXUSDT,2025-07-22,1.2886,0.7682,pump
kucoin,GNSUSDT,2025-06-04,1.2651,0.6731,pump
kucoin,GOATUSDT,2025-06-23,0.774,0.4054,pump
kucoin,GODSUSDT,2025-07-12,0.8853,0.8676,pump
kucoin,GOMININGUSDT,2025-06-16,0.683,0.428,pump
kucoin,GPSUSDT,2025-05-31,0.5638,0.8741,pump
kucoin,GRASSUSDT,2025-11-02,0.8826,0.9503,pump
kucoin,GRIFFAINUSDT,2025-06-23,0.7714,0.3741,pump
kucoin,GTAIUSDT,2025-09-09,0.7343,1.0435,pump
kucoin,GTCUSDT,2025-07-05,0.5404,0.4451,pump
kucoin,GUNUSDT,2025-06-18,0.6048,0.4692,pump
kucoin,GWEIUSDT,2026-01-21,8.649,0.5014,pump
kucoin,HUSDT,2025-06-25,32.3691,0.9735,pump
kucoin,HAEDALUSDT,2025-05-15,0.5043,1.3556,pump
kucoin,HAIUSDT,2025-06-21,0.5047,0.9248,pump
kucoin,HANAUSDT,2025-09-26,1.0464,1.0979,pump
kucoin,HBARBTC,2025-06-26,0.5501,0.2653,volatile_control
kucoin,HBARUSDT,2025-06-23,0.567,0.2092,volatile_control
kucoin,HEARTUSDT,2026-04-23,0.8368,0.4543,pump
kucoin,HEIUSDT,2025-06-07,0.8302,1.0864,pump
kucoin,HFTUSDT,2025-06-14,2.125,0.3442,pump
kucoin,HIGHUSDT,2025-10-23,0.5497,1.0723,pump
kucoin,HIPPOUSDT,2025-06-23,0.5804,0.3842,pump
kucoin,HMNDUSDT,2026-04-28,0.5245,0.9366,pump
kucoin,HMSTRUSDT,2025-06-29,0.5974,0.5669,pump
kucoin,HNTUSDT,2025-07-02,0.9531,0.2199,volatile_control
kucoin,HOLDUSDT,2025-06-23,0.6364,0.9467,pump
kucoin,HOLOUSDT,2025-09-11,17.3012,0.8285,pump
kucoin,HOMEUSDT,2025-06-10,39.939,0.934,pump
kucoin,HONEYUSDT,2025-07-02,0.515,0.5183,pump
kucoin,HOUSEUSDT,2025-05-15,0.7532,1.2705,pump
kucoin,HPOS10IUSDT,2025-05-17,1.4226,1.1097,pump
kucoin,HSKUSDT,2025-06-07,1.9116,0.4716,pump
kucoin,HTRUSDT,2025-06-23,0.5338,0.1704,volatile_control
kucoin,HUMAUSDT,2025-05-26,13.6667,0.7129,pump
kucoin,HYDRAUSDT,2026-04-14,0.6529,1.1854,pump
kucoin,HYPEUSDT,2025-05-15,0.5859,0.5842,pump
kucoin,HYPERUSDT,2025-06-23,6.3423,0.3717,pump
kucoin,IAGUSDT,2025-10-28,4.6769,0.9706,pump
kucoin,ICNTUSDT,2025-07-03,7.5227,0.7018,pump
kucoin,ICPBTC,2025-10-17,1.2621,0.3962,pump
kucoin,ICPUSDT,2025-10-17,1.1082,0.4122,pump
kucoin,ICXUSDT,2025-05-20,0.5216,0.286,volatile_control
kucoin,IDUSDT,2025-12-22,0.9195,0.8179,pump
kucoin,IDOSUSDT,2026-03-05,2.9,1.137,pump
kucoin,IKAUSDT,2025-07-29,33.0584,0.6859,pump
kucoin,ILVUSDT,2025-07-02,0.5475,0.3454,pump
kucoin,IMUUSDT,2026-01-22,6.2857,1.0732,pump
kucoin,IMXUSDT,2025-07-01,0.5014,0.2263,volatile_control
kucoin,INUSDT,2025-08-07,5.4205,0.5345,pump
kucoin,INITUSDT,2025-07-02,0.5427,0.8066,pump
kucoin,INJBTC,2026-04-25,0.7074,0.3971,pump
kucoin,INJUSDT,2026-04-25,0.7785,0.3624,pump
kucoin,INSPUSDT,2025-06-05,0.7594,0.7961,pump
kucoin,INXUSDT,2026-01-30,9.4,0.8624,pump
kucoin,IOUSDT,2025-09-05,0.5564,0.918,pump
kucoin,IONUSDT,2026-04-12,0.6387,1.6579,pump
kucoin,IOSTUSDT,2025-07-02,0.7199,0.4711,pump
kucoin,IOTABTC,2025-07-02,0.5092,0.2742,volatile_control
kucoin,IOTAUSDT,2025-06-26,0.5514,0.2596,volatile_control
kucoin,IOTXBTC,2025-07-29,0.5026,0.4896,pump
kucoin,IPUSDT,2025-06-24,0.53,0.4463,pump
kucoin,IRUSDT,2025-12-17,5.269,0.9393,pump
kucoin,IRYSUSDT,2025-11-26,0.9582,1.0943,pump
kucoin,ISLANDUSDT,2025-07-04,0.5798,0.1758,volatile_control
kucoin,ISLMUSDT,2025-12-09,1.4091,0.7088,pump
kucoin,ISPUSDT,2025-07-06,0.54,0.5247,pump
kucoin,ITHACAUSDT,2025-05-26,0.5423,1.3546,pump
kucoin,JUSDT,2025-07-05,0.5235,1.1881,pump
kucoin,JASMYUSDT,2025-07-03,0.6222,0.1553,volatile_control
kucoin,JCTUSDT,2025-11-10,11.375,0.8375,pump
kucoin,JELLYJELLYUSDT,2025-06-06,0.5444,0.5209,pump
kucoin,JSTUSDT,2026-04-16,0.5481,0.5062,pump
kucoin,JTOUSDT,2025-05-31,0.5243,0.2996,volatile_control
kucoin,JUPUSDT,2025-07-05,0.5712,0.5763,pump
kucoin,KACEUSDT,2025-06-23,0.6336,0.6784,pump
kucoin,KAIAUSDT,2025-05-24,0.5598,0.1749,volatile_control
kucoin,KAIOUSDT,2026-05-06,25.526,0.7339,pump
kucoin,KAITOUSDT,2025-08-26,0.5467,0.6861,pump
kucoin,KARRATUSDT,2025-06-25,0.5268,0.5198,pump
kucoin,KASBTC,2025-11-23,0.5258,0.7179,pump
kucoin,KASUSDT,2025-06-23,0.5044,0.393,pump
kucoin,KATUSDT,2026-03-18,0.899,1.1557,pump
kucoin,KAVAUSDT,2025-10-31,0.5643,1.0333,pump
kucoin,KBEATUSDT,2025-11-02,32.3428,0.601,pump
kucoin,KERNELUSDT,2025-05-18,0.5639,1.1554,pump
kucoin,KGENUSDT,2025-10-07,40.316,0.9463,pump
kucoin,KILOUSDT,2025-06-21,0.8622,0.6586,pump
kucoin,KINUSDT,2026-01-30,19.367,1.0127,pump
kucoin,KITEUSDT,2025-11-03,6.75,0.6383,pump
kucoin,KLINKUSDT,2025-10-07,5.5276,1.0024,pump
kucoin,KLVUSDT,2025-11-05,0.507,0.9745,pump
kucoin,KMNOUSDT,2025-08-31,0.8215,0.4254,pump
kucoin,KNCBTC,2025-06-24,1.1134,0.6049,pump
kucoin,KNCUSDT,2025-06-24,1.3974,0.5542,pump
kucoin,KOMAUSDT,2025-06-28,0.6388,0.4244,pump
kucoin,KORIUSDT,2025-08-29,11.4114,0.9757,pump
kucoin,KPOLUSDT,2025-05-26,0.5778,0.9464,pump
kucoin,KRLUSDT,2025-06-30,0.5312,0.5313,pump
kucoin,KSMUSDT,2025-07-02,0.5281,0.3867,pump
kucoin,KYOUSDT,2025-12-10,9.0,1.0414,pump
kucoin,L3USDT,2025-05-15,0.5916,0.7783,pump
kucoin,LAUSDT,2025-06-04,1127.0,0.9917,pump
kucoin,LABUSDT,2025-10-14,46.5,0.6567,pump
kucoin,LADYSUSDT,2025-11-11,0.5681,1.1631,pump
kucoin,LATUSDT,2025-05-30,0.605,0.5725,pump
kucoin,LAVAUSDT,2025-07-24,0.5203,0.7825,pump
kucoin,LAYERUSDT,2025-07-30,0.5406,1.211,pump
kucoin,LDOUSDT,2025-06-30,0.5044,0.2626,volatile_control
kucoin,LIGHTUSDT,2025-09-27,7.1373,0.5849,pump
kucoin,LIKEUSDT,2025-05-20,0.5004,0.8456,pump
kucoin,LINEAUSDT,2025-09-10,8.4958,0.5764,pump
kucoin,LINGOUSDT,2025-11-17,0.6025,1.2101,pump
kucoin,LINKBTC,2025-07-31,0.5205,0.2546,volatile_control
kucoin,LINKUSDT,2025-07-05,0.5394,0.3327,pump
kucoin,LISTAUSDT,2025-05-15,0.512,1.1109,pump
kucoin,LITUSDT,2026-01-15,3.2,0.8494,pump
kucoin,LKIUSDT,2025-06-19,0.5094,1.0008,pump
kucoin,LMTSUSDT,2025-10-23,1.2068,0.8429,pump
kucoin,LMWRUSDT,2025-06-21,0.5327,0.655,pump
kucoin,LOCUSUSDT,2025-09-10,0.5611,1.0636,pump
kucoin,LOFIUSDT,2025-06-23,0.7097,0.4205,pump
kucoin,LOTUSDT,2025-06-25,1.63,0.547,pump
kucoin,LPTUSDT,2025-05-15,1.3477,0.7969,pump
kucoin,LQTYUSDT,2025-05-31,0.6986,0.6356,pump
kucoin,LRCUSDT,2025-07-05,0.5379,0.5359,pump
kucoin,LRDSUSDT,2025-07-12,0.7259,0.8142,pump
kucoin,LSKUSDT,2025-07-02,0.5195,0.5505,pump
kucoin,LUMIAUSDT,2025-06-23,1.1463,0.6383,pump
kucoin,LUNAUSDT,2025-11-18,1.1536,0.7302,pump
kucoin,LUNCUSDT,2025-11-18,1.5959,0.623,pump
kucoin,LVVAUSDT,2025-06-23,1.1946,0.9182,pump
kucoin,LYNUSDT,2025-10-06,12.323,0.9785,pump
kucoin,LYXUSDT,2025-07-01,0.5161,1.0288,pump
kucoin,MAGICUSDT,2025-06-06,0.5042,0.804,pump
kucoin,MAIGAUSDT,2025-09-17,4.75,0.9443,pump
kucoin,MAJORUSDT,2025-05-16,0.5394,0.9983,pump
kucoin,MANUSDT,2025-06-22,0.5503,0.6367,pump
kucoin,MANAUSDT,2025-07-01,0.5108,0.4165,pump
kucoin,MANTAUSDT,2025-06-23,0.5054,0.2826,volatile_control
kucoin,MANTRABTC,2026-03-10,1.5,1.0957,pump
kucoin,MANTRAUSDT,2026-03-10,1.7,1.1439,pump
kucoin,MANYUUSDT,2025-07-18,2.2915,1.0626,pump
kucoin,MAPOUSDT,2025-05-27,1.2293,0.9084,pump
kucoin,MARS4USDT,2025-05-15,0.6605,1.1336,pump
kucoin,MASKUSDT,2025-05-17,1.0384,0.1219,volatile_control
kucoin,MATUSDT,2025-06-19,12.67,1.0264,pump
kucoin,MAVUSDT,2025-06-13,0.8555,1.0365,pump
kucoin,MAVIAUSDT,2025-06-27,0.5351,0.3839,pump
kucoin,MBLUSDT,2025-09-21,0.7968,1.3114,pump
kucoin,MEUSDT,2025-09-04,0.5724,0.8843,pump
kucoin,MEGAUSDT,2026-04-30,1.5707,0.9356,pump
kucoin,MELANIAUSDT,2025-07-09,0.5714,0.5962,pump
kucoin,MEMEUSDT,2025-07-02,0.5089,0.3342,pump
kucoin,MEMEFIUSDT,2025-06-13,0.5042,1.25,pump
kucoin,MERLUSDT,2025-05-17,0.5611,1.0583,pump
kucoin,METUSDT,2025-10-23,1.53,0.7336,pump
kucoin,METADAOUSDT,2026-05-06,0.8392,0.9223,pump
kucoin,METISUSDT,2025-10-11,0.524,0.8949,pump
kucoin,MEWUSDT,2025-05-18,0.5496,1.1024,pump
kucoin,MEZOUSDT,2026-04-01,1.8792,1.0213,pump
kucoin,MFUSDT,2025-10-06,4.461,0.9983,pump
kucoin,MGOUSDT,2025-06-24,6.6,0.8192,pump
kucoin,MILADYCULTUSDT,2025-06-23,0.6568,0.3285,pump
kucoin,MINUSDT,2025-12-18,2.3966,0.8096,pump
kucoin,MINAUSDT,2025-10-17,0.518,0.9593,pump
kucoin,MIRAUSDT,2025-09-26,18.449,0.8802,pump
kucoin,MLKUSDT,2025-07-20,0.5928,1.1325,pump
kucoin,MMTUSDT,2025-11-04,48.0,0.9646,pump
kucoin,MNDEUSDT,2025-05-15,0.8975,0.9335,pump
kucoin,MNTUSDT,2025-07-02,0.5011,0.2034,volatile_control
kucoin,MOCAUSDT,2025-06-25,0.5827,0.7776,pump
kucoin,MOGUSDT,2025-05-18,0.5127,1.3638,pump
kucoin,MONUSDT,2025-11-24,3.932,0.6564,pump
kucoin,MONPROUSDT,2025-06-14,0.5632,1.0467,pump
kucoin,MOODENGUSDT,2025-05-17,0.6427,1.1702,pump
kucoin,MORIUSDT,2025-07-15,0.6151,1.4827,pump
kucoin,MORPHOUSDT,2025-06-28,0.6132,0.1145,volatile_control
kucoin,MOVAUSDT,2026-02-06,2.228,0.2857,volatile_control
kucoin,MOVEUSDT,2025-06-20,0.5202,0.7651,pump
kucoin,MOVRUSDT,2026-03-30,3.28,0.6607,pump
kucoin,MPCUSDT,2025-06-22,2.1034,1.0586,pump
kucoin,MTLUSDT,2025-07-05,0.6335,0.6773,pump
kucoin,MTRGUSDT,2025-05-16,0.522,0.7477,pump
kucoin,MTVUSDT,2025-07-06,0.6321,0.6683,pump
kucoin,MUBARAKUSDT,2025-05-18,0.5334,1.273,pump
kucoin,MYRIAUSDT,2025-05-16,0.6186,0.3118,pump
kucoin,MYROUSDT,2025-06-22,0.5583,0.2618,volatile_control
kucoin,NAKAUSDT,2025-09-29,0.6813,1.1085,pump
kucoin,NATIXUSDT,2025-05-15,1.7794,0.4801,pump
kucoin,NAVIUSDT,2025-06-30,0.5248,0.4984,pump
kucoin,NAVXUSDT,2025-07-09,0.503,0.3134,pump
kucoin,NCUSDT,2025-06-22,0.5288,1.4985,pump
kucoin,NEARBTC,2025-10-21,0.5189,0.204,volatile_control
kucoin,NEARUSDT,2025-10-31,0.5181,0.8436,pump
kucoin,NEIROCTOUSDT,2025-05-18,0.5009,1.2393,pump
kucoin,NEOUSDT,2025-07-02,0.5114,0.1736,volatile_control
kucoin,NEONUSDT,2025-06-15,0.5053,1.2391,pump
kucoin,NEWTUSDT,2025-06-24,16.0702,0.6753,pump
kucoin,NEXIUSDT,2026-03-09,1.6665,1.381,pump
kucoin,NFPUSDT,2025-06-14,0.504,1.2127,pump
kucoin,NIBIUSDT,2025-12-19,0.5887,1.6862,pump
kucoin,NIGHTUSDT,2025-12-09,15.3,0.8051,pump
kucoin,NILUSDT,2025-11-15,0.5547,1.9766,pump
kucoin,NIMUSDT,2025-08-11,0.8695,0.5156,pump
kucoin,NKNUSDT,2025-07-05,0.5068,0.3514,pump
kucoin,NMRUSDT,2025-08-09,1.7584,0.4331,pump
kucoin,NOBODYUSDT,2025-07-31,1.3026,0.5688,pump
kucoin,NODEUSDT,2025-06-30,19.7388,1.0111,pump
kucoin,NOMUSDT,2025-10-14,0.7362,0.8149,pump
kucoin,NOONUSDT,2026-03-05,2.3125,1.0394,pump
kucoin,NOTUSDT,2026-04-09,0.9042,0.836,pump
kucoin,NPCUSDT,2025-06-23,0.7277,0.2168,volatile_control
kucoin,NRNUSDT,2025-05-15,0.8242,1.2012,pump
kucoin,NSUSDT,2025-08-27,0.6269,0.4402,pump
kucoin,NUMUSDT,2026-01-31,1.5078,1.2973,pump
kucoin,NUMIUSDT,2025-09-21,0.7932,1.357,pump
kucoin,NXPCUSDT,2025-05-15,76.0706,0.6604,pump
kucoin,NXRAUSDT,2025-06-25,0.7961,0.6623,pump
kucoin,NYMUSDT,2026-03-05,0.5505,0.4862,pump
kucoin,OBIUSDT,2025-07-05,0.5762,0.7996,pump
kucoin,OBTUSDT,2025-06-14,0.5042,1.2853,pump
kucoin,OFCUSDT,2026-04-09,1.456,1.0754,pump
kucoin,OGNBTC,2025-08-02,0.5673,0.3467,pump
kucoin,OGNUSDT,2025-08-02,0.5974,0.4134,pump
kucoin,ONDOUSDT,2025-07-05,0.5092,0.3837,pump
kucoin,ONTBTC,2025-08-07,0.7645,0.594,pump
kucoin,ONTUSDT,2025-08-07,0.7523,0.6213,pump
kucoin,OORTUSDT,2025-08-06,0.5858,0.514,pump
kucoin,OPUSDT,2025-07-05,0.5736,0.4737,pump
kucoin,OPENUSDT,2025-09-30,0.5298,1.5244,pump
kucoin,ORAIUSDT,2025-06-23,0.5421,0.2069,volatile_control
kucoin,ORBSUSDT,2026-02-06,0.6653,0.6597,pump
kucoin,ORCAUSDT,2025-06-26,0.534,0.473,pump
kucoin,ORDERUSDT,2025-07-02,0.9113,0.5419,pump
kucoin,ORDIUSDT,2025-06-23,0.566,0.2976,volatile_control
kucoin,OSMOUSDT,2025-12-26,0.8196,0.7895,pump
kucoin,OTKUSDT,2025-05-15,1.0352,0.8011,pump
kucoin,OVRUSDT,2025-06-30,0.7813,0.0373,volatile_control
kucoin,OXTUSDT,2026-02-01,0.5734,1.1526,pump
kucoin,PUSDT,2025-10-03,6.5365,0.6508,pump
kucoin,P2PUSDT,2025-07-24,0.5935,0.3074,pump
kucoin,PAALUSDT,2025-07-01,0.5897,1.0291,pump
kucoin,PARTIUSDT,2025-07-06,0.6448,0.4151,pump
kucoin,PAWSUSDT,2025-07-12,0.9884,0.6683,pump
kucoin,PAXGBTC,2026-01-19,0.5448,0.2762,volatile_control
kucoin,PEAQUSDT,2025-08-27,0.9102,0.2895,volatile_control
kucoin,PENDLEUSDT,2025-07-02,0.5143,0.2453,volatile_control
kucoin,PENGUUSDT,2025-06-15,0.7935,0.1038,volatile_control
kucoin,PEOPLEUSDT,2025-07-02,0.5356,0.1508,volatile_control
kucoin,PEPEUSDT,2025-06-28,0.5386,0.151,volatile_control
kucoin,PHAUSDT,2025-10-31,0.5285,1.1394,pump
kucoin,PIGGYUSDT,2025-10-28,12.6015,0.7736,pump
kucoin,PINUSDT,2025-09-24,0.6461,1.0131,pump
kucoin,PIPEUSDT,2025-10-08,2.1,1.2062,pump
kucoin,PIXUSDT,2025-05-15,0.6215,0.9248,pump
kucoin,PIXELUSDT,2025-06-23,0.5206,0.3358,pump
kucoin,PLAIUSDT,2025-11-04,6.575,1.1227,pump
kucoin,PLAYUSDT,2025-12-07,0.7851,0.216,volatile_control
kucoin,PLUUSDT,2025-12-22,0.6579,1.0115,pump
kucoin,PLUMEUSDT,2025-06-21,0.5018,0.4595,pump
kucoin,PNUTUSDT,2025-06-23,0.5432,0.2919,volatile_control
kucoin,POKTUSDT,2025-05-15,6.2639,0.5169,pump
kucoin,POLUSDT,2025-12-23,0.7262,0.2841,volatile_control
kucoin,POLSUSDT,2025-05-15,0.5742,1.2237,pump
kucoin,POLYXUSDT,2025-12-19,0.5289,0.8704,pump
kucoin,PONDUSDT,2025-08-01,0.5577,0.7238,pump
kucoin,PONKEUSDT,2025-06-23,0.602,0.2763,volatile_control
kucoin,POPUSDT,2025-09-10,6.299,0.5633,pump
kucoin,POPCATUSDT,2025-06-23,0.5081,0.2359,volatile_control
kucoin,PORTALUSDT,2025-05-15,0.5307,1.4299,pump
kucoin,PORTALSUSDT,2025-09-16,4.8485,1.0307,pump
kucoin,PRAIUSDT,2025-07-02,0.8369,0.5172,pump
kucoin,PRCLUSDT,2025-06-22,1.175,0.3183,pump
kucoin,PRLUSDT,2026-03-25,4.1126,0.6085,pump
kucoin,PROUSDT,2025-06-03,0.5119,0.7776,pump
kucoin,PROMUSDT,2025-06-22,0.5076,0.3244,pump
kucoin,PROMPTUSDT,2025-06-26,0.5,0.3122,pump
kucoin,PROPSUSDT,2025-09-23,0.5917,1.3526,pump
kucoin,PROSUSDT,2026-04-28,1.6,0.8359,pump
kucoin,PROVEUSDT,2025-08-05,7.7145,0.4352,pump
kucoin,PTBUSDT,2025-09-03,5.4627,0.6392,pump
kucoin,PUBLICUSDT,2025-08-15,0.647,0.9694,pump
kucoin,PUFFERUSDT,2025-07-02,0.9074,0.4706,pump
kucoin,PUMPUSDT,2025-07-14,0.7228,1.5386,pump
kucoin,PUNDIAIUSDT,2025-11-14,1.1281,0.4427,pump
kucoin,PUNDIXUSDT,2025-07-02,0.5124,0.4376,pump
kucoin,PURRUSDT,2025-05-15,1.4259,0.8177,pump
kucoin,PUSHUSDT,2025-12-07,0.512,0.3726,pump
kucoin,PVTUSDT,2026-02-09,1.1077,1.0518,pump
kucoin,PYBOBOUSDT,2026-01-23,2.4147,0.9521,pump
kucoin,PYRUSDT,2025-07-08,0.5081,0.625,pump
kucoin,PYTHUSDT,2025-07-05,0.5944,0.5198,pump
kucoin,PZPUSDT,2025-06-23,0.6639,0.6847,pump
kucoin,QUSDT,2025-09-02,19.616,0.3487,pump
kucoin,QIUSDT,2025-09-02,0.7197,0.5841,pump
kucoin,QKCUSDT,2025-07-12,0.6068,0.8107,pump
kucoin,QNTUSDT,2025-11-22,0.507,0.7493,pump
kucoin,QORPOUSDT,2025-06-05,0.545,1.7941,pump
kucoin,QTUMUSDT,2025-08-06,0.7096,0.2753,volatile_control
kucoin,QUICKUSDT,2025-12-16,0.7779,0.8566,pump
kucoin,RAINUSDT,2026-01-06,0.6403,0.31,pump
kucoin,RARIUSDT,2025-09-04,0.5673,0.5281,pump
kucoin,RATSUSDT,2025-09-09,0.5666,0.3841,pump
kucoin,RAVEUSDT,2026-04-17,0.9285,2.0303,pump
kucoin,RAYUSDT,2025-06-23,0.589,0.2646,volatile_control
kucoin,RDNTUSDT,2025-07-02,0.5508,0.4854,pump
kucoin,REACTUSDT,2025-05-30,0.5924,0.84,pump
kucoin,READYUSDT,2025-05-15,5.3636,0.678,pump
kucoin,RECALLUSDT,2025-10-15,7.72,0.8184,pump
kucoin,REDSTONEUSDT,2025-07-09,0.536,0.4096,pump
kucoin,REEFUSDT,2025-07-01,0.7745,0.3209,pump
kucoin,REKTUSDT,2025-05-15,0.6177,0.3957,pump
kucoin,RENDERUSDT,2025-11-05,0.5766,1.1575,pump
kucoin,REQUSDT,2025-05-15,249.3549,1.0005,pump
kucoin,RESOLVUSDT,2025-06-10,3.174,0.8485,pump
kucoin,REVUUSDT,2025-06-23,0.6202,0.3282,pump
kucoin,REZUSDT,2025-06-23,1.4459,0.6449,pump
kucoin,RIOUSDT,2025-06-06,0.6351,0.9007,pump
kucoin,RIONUSDT,2025-07-16,8.2667,0.6569,pump
kucoin,RIZUSDT,2025-05-15,1.9641,0.439,pump
kucoin,RLCBTC,2025-08-10,0.7167,0.6828,pump
kucoin,RLCUSDT,2025-07-05,0.5261,0.6079,pump
kucoin,RMVUSDT,2025-09-16,0.7235,0.0401,volatile_control
kucoin,RNBWUSDT,2026-02-05,1.99,1.3196,pump
kucoin,ROAMUSDT,2025-05-31,0.5354,1.2606,pump
kucoin,ROBOUSDT,2026-02-27,5.259,0.6819,pump
kucoin,RONINUSDT,2025-06-22,0.5711,0.8286,pump
kucoin,ROOBEEUSDT,2025-06-03,0.5395,1.3251,pump
kucoin,ROSEUSDT,2025-10-22,0.5561,0.4609,pump
kucoin,ROUTEUSDT,2025-07-05,0.6908,0.6737,pump
kucoin,RPLUSDT,2025-05-24,0.5743,0.5248,pump
kucoin,RSRBTC,2025-10-11,0.6748,0.6426,pump
kucoin,RSRUSDT,2025-06-23,0.5275,0.2606,volatile_control
kucoin,RVNUSDT,2025-05-18,0.7637,0.8969,pump
kucoin,RVVUSDT,2025-10-18,36.8413,0.9748,pump
kucoin,RWAUSDT,2025-06-24,0.5137,0.2876,volatile_control
kucoin,SUSDT,2025-11-04,0.5933,1.2497,pump
kucoin,SAFEUSDT,2025-05-17,0.5208,1.1572,pump
kucoin,SAHARAUSDT,2025-06-26,25.4425,0.8977,pump
kucoin,SANDUSDT,2026-01-01,0.5235,0.5302,pump
kucoin,SAPIENUSDT,2025-08-20,5.3782,0.2968,volatile_control
kucoin,SAROSUSDT,2025-07-05,0.867,0.2515,volatile_control
kucoin,SATSUSDT,2025-09-09,1.0136,0.9171,pump
kucoin,SCAUSDT,2025-06-14,0.7893,0.49,pump
kucoin,SCORUSDT,2025-12-17,3.0,1.1833,pump
kucoin,SCRUSDT,2025-06-23,0.6252,0.1428,volatile_control
kucoin,SCRTUSDT,2025-09-19,0.5376,0.6742,pump
kucoin,SDUSDT,2025-05-16,0.5272,1.0212,pump
kucoin,SEEKUSDT,2025-12-05,3.0,1.23,pump
kucoin,SEIUSDT,2025-06-07,0.8458,0.5379,pump
kucoin,SENTUSDT,2026-01-22,3.917,0.5719,pump
kucoin,SFIUSDT,2025-05-24,0.5059,0.9885,pump
kucoin,SFPUSDT,2025-05-18,0.503,1.3663,pump
kucoin,SFUNDUSDT,2025-05-31,0.523,0.6149,pump
kucoin,SHAREUSDT,2026-05-08,1.6548,0.8484,pump
kucoin,SHELLUSDT,2025-07-07,0.5869,0.3781,pump
kucoin,SHMUSDT,2025-05-16,1.4683,1.0452,pump
kucoin,SHRUSDT,2025-06-28,0.5051,0.5816,pump
kucoin,SIDUSUSDT,2025-08-28,0.5278,1.0,pump
kucoin,SIGNUSDT,2025-09-05,0.8905,0.5472,pump
kucoin,SINUSDT,2025-08-30,0.8928,0.4608,pump
kucoin,SIRENUSDT,2025-07-21,1.1718,0.684,pump
kucoin,SKATEUSDT,2025-06-09,1.0,1.491,pump
kucoin,SKEYUSDT,2025-06-18,0.5647,1.139,pump
kucoin,SKLUSDT,2025-07-02,0.5693,0.2807,volatile_control
kucoin,SKRUSDT,2026-01-21,11.0,0.7898,pump
kucoin,SLCUSDT,2025-05-15,1.849,0.6149,pump
kucoin,SLPUSDT,2025-07-05,1.1143,0.5028,pump
kucoin,SN3USDT,2026-03-11,29.3315,1.0324,pump
kucoin,SNEKUSDT,2025-08-12,0.8182,0.79,pump
kucoin,SNXBTC,2025-06-23,0.503,0.8656,pump
kucoin,SNXUSDT,2025-09-09,0.8522,0.318,pump
kucoin,SOLVUSDT,2025-05-31,0.5296,0.1587,volatile_control
kucoin,SOMIUSDT,2025-09-02,1.9803,0.8058,pump
kucoin,SONICUSDT,2026-02-01,0.506,1.0373,pump
kucoin,SOONUSDT,2025-05-23,5.098,0.7581,pump
kucoin,SOPHUSDT,2025-05-28,3.329,0.6757,pump
kucoin,SOULUSDT,2025-08-01,0.5077,1.282,pump
kucoin,SPAUSDT,2025-07-06,0.5091,0.8085,pump
kucoin,SPACEUSDT,2026-01-23,20.7635,0.9384,pump
kucoin,SPKUSDT,2025-06-17,2.75,0.804,pump
kucoin,SPXUSDT,2025-05-15,0.6239,0.5397,pump
kucoin,SQDUSDT,2025-07-14,0.5826,1.056,pump
kucoin,SQRUSDT,2025-07-09,1.5346,0.9274,pump
kucoin,SSVUSDT,2025-07-02,0.7797,0.2007,volatile_control
kucoin,STABLEUSDT,2025-12-08,7.0,0.8716,pump
kucoin,STAYUSDT,2026-04-23,1.7533,1.4639,pump
kucoin,STBLUSDT,2025-10-18,0.6065,1.359,pump
kucoin,STGUSDT,2026-01-05,0.6955,0.4,pump
kucoin,STOUSDT,2025-06-22,0.7504,0.5862,pump
kucoin,STORJUSDT,2025-10-11,0.5355,0.951,pump
kucoin,STRAXUSDT,2025-07-04,0.5573,0.5975,pump
kucoin,STREAMUSDT,2025-05-15,3.3615,0.7733,pump
kucoin,STRKUSDT,2025-06-23,0.5143,0.369,pump
kucoin,STXBTC,2025-12-23,0.5827,0.1173,volatile_control
kucoin,STXUSDT,2025-12-19,0.6233,0.2822,volatile_control
kucoin,SUIUSDT,2025-06-27,0.5791,0.1081,volatile_control
kucoin,SUKUUSDT,2025-06-26,0.5436,0.4646,pump
kucoin,SUNUSDT,2025-09-02,0.7552,0.6812,pump
kucoin,SUNDOGUSDT,2025-12-18,0.7351,0.5107,pump
kucoin,SUPUSDT,2025-08-05,3.25,0.7777,pump
kucoin,SUPERUSDT,2025-06-23,0.5678,0.2422,volatile_control
kucoin,SUPRAUSDT,2025-06-23,0.5202,0.4597,pump
kucoin,SUSHIUSDT,2025-07-02,0.9113,0.1909,volatile_control
kucoin,SUTUSDT,2025-11-19,0.871,1.7983,pump
kucoin,SWARMSUSDT,2025-06-15,0.5731,0.5226,pump
kucoin,SWELLUSDT,2025-06-29,0.5749,0.3422,pump
kucoin,SWFTCUSDT,2025-11-05,0.5737,1.0425,pump
kucoin,SWTCHUSDT,2025-09-09,5.486,0.9805,pump
kucoin,SXTUSDT,2025-06-27,0.5152,0.2414,volatile_control
kucoin,SYNUSDT,2025-06-26,0.6028,0.6007,pump
kucoin,SYNDUSDT,2025-09-19,11.856,0.7217,pump
kucoin,SYRUPUSDT,2025-05-31,0.5591,0.3839,pump
kucoin,SYSUSDT,2025-07-03,0.7819,0.2826,volatile_control
kucoin,TADAUSDT,2025-11-17,0.903,1.1292,pump
kucoin,TAIUSDT,2025-05-15,0.5968,0.725,pump
kucoin,TAIKOUSDT,2025-07-08,0.5026,0.4842,pump
kucoin,TAOUSDT,2025-09-26,0.6072,0.3731,pump
kucoin,TEAFIUSDT,2025-11-03,11.0048,1.0679,pump
kucoin,TELBTC,2025-06-27,0.6364,0.2201,volatile_control
kucoin,TELUSDT,2025-06-27,0.7926,0.1747,volatile_control
kucoin,TFUELUSDT,2025-05-16,0.5703,1.1932,pump
kucoin,THETAUSDT,2026-03-31,0.8361,0.5124,pump
kucoin,THQUSDT,2025-12-16,0.8,1.7488,pump
kucoin,TIAUSDT,2025-07-05,0.5135,0.591,pump
kucoin,TLMUSDT,2025-07-05,0.5683,0.5527,pump
kucoin,TLOSUSDT,2025-08-08,0.9662,0.2285,volatile_control
kucoin,TNSRUSDT,2025-11-02,5.6777,0.7211,pump
kucoin,TOKENUSDT,2025-07-01,0.5609,0.2754,volatile_control
kucoin,TONUSDT,2026-04-19,1.2143,0.2445,volatile_control
kucoin,TOSHIUSDT,2025-06-23,0.5804,0.3511,pump
kucoin,TOWERUSDT,2025-07-04,0.7916,0.064,volatile_control
kucoin,TOWNSUSDT,2025-08-05,9.1266,0.7703,pump
kucoin,TRACUSDT,2025-07-03,0.7727,0.2558,volatile_control
kucoin,TRADEUSDT,2025-07-11,0.5345,0.6698,pump
kucoin,TRBUSDT,2025-05-15,0.9163,0.8106,pump
kucoin,TREEUSDT,2025-07-29,13.037,0.8089,pump
kucoin,TRIAUSDT,2026-02-03,6.3572,0.5793,pump
kucoin,TRNUSDT,2025-07-17,4.955,1.1818,pump
kucoin,TROLLUSDT,2025-05-15,1.366,0.8085,pump
kucoin,TRUFUSDT,2025-06-19,0.5086,1.2619,pump
kucoin,TRUMPUSDT,2025-10-18,0.5076,0.5903,pump
kucoin,TRUSTUSDT,2025-11-05,31.672,0.7163,pump
kucoin,TRUTHUSDT,2025-10-01,3.2,0.6141,pump
kucoin,TRVLUSDT,2025-07-02,0.6386,0.1858,volatile_control
kucoin,TSTBSCUSDT,2025-08-30,1.8008,0.5362,pump
kucoin,TTUSDT,2025-10-31,0.5645,1.3557,pump
kucoin,TTDUSDT,2025-12-20,3.6595,1.2138,pump
kucoin,TURBOUSDT,2025-06-26,0.996,0.2641,volatile_control
kucoin,TURBOSUSDT,2025-05-24,0.5138,1.1599,pump
kucoin,TURTLEUSDT,2025-10-22,2.204,1.0181,pump
kucoin,TUTUSDT,2025-06-07,1.356,0.2457,volatile_control
kucoin,TWTBTC,2025-09-02,1.0136,0.4101,pump
kucoin,TWTUSDT,2025-09-02,1.1115,0.384,pump
kucoin,UUSDT,2025-09-04,5.93,0.8537,pump
kucoin,U2UUSDT,2025-06-01,1.2058,0.4567,pump
kucoin,UAIUSDT,2025-11-06,13.753,0.6053,pump
kucoin,UBUSDT,2025-09-12,18.3317,0.6122,pump
kucoin,ULTIMAUSDT,2026-01-16,0.6757,1.1954,pump
kucoin,UMAUSDT,2025-05-22,0.5117,0.5874,pump
kucoin,UNAUSDT,2025-05-15,1.5875,0.6796,pump
kucoin,UNIUSDT,2025-07-03,0.5893,0.2081,volatile_control
kucoin,UOSUSDT,2025-10-11,0.5217,1.3575,pump
kucoin,UPUSDT,2026-02-10,2.439,1.0176,pump
kucoin,UQCUSDT,2025-06-16,1.0103,0.6964,pump
kucoin,URANUSUSDT,2025-07-28,1.5676,0.974,pump
kucoin,USUSDT,2025-12-11,4.1,1.071,pump
kucoin,USELESSUSDT,2025-05-15,0.6303,2.1319,pump
kucoin,USTCUSDT,2025-07-01,0.5176,0.5518,pump
kucoin,USUALUSDT,2025-06-23,0.6025,0.5699,pump
kucoin,UXLINKUSDT,2025-09-23,1.1883,1.3576,pump
kucoin,VAIOTUSDT,2025-06-26,0.6464,0.3266,pump
kucoin,VANAUSDT,2025-10-11,0.5745,0.9398,pump
kucoin,VANRYUSDT,2025-06-23,0.8028,0.4265,pump
kucoin,VELOUSDT,2025-07-01,0.5333,0.3546,pump
kucoin,VELVETUSDT,2025-07-10,1.1269,0.8872,pump
kucoin,VENOMUSDT,2025-05-25,1.0039,0.3916,pump
kucoin,VFYUSDT,2025-09-30,5.9333,0.8063,pump
kucoin,VINEUSDT,2025-06-22,0.5681,0.3698,pump
kucoin,VINUUSDT,2025-05-15,0.6873,0.2789,volatile_control
kucoin,VIRTUALUSDT,2025-05-18,0.5344,1.0344,pump
kucoin,VLRUSDT,2025-09-16,6.1013,0.9831,pump
kucoin,VOLTUSDT,2025-11-23,2.3273,0.9315,pump
kucoin,VOOIUSDT,2025-12-18,0.8118,1.9463,pump
kucoin,VRUSDT,2025-09-02,1.0232,0.3054,pump
kucoin,VSNUSDT,2025-07-16,111.1315,0.3692,pump
kucoin,VSYSBTC,2025-08-27,0.7014,0.3231,pump
kucoin,VSYSUSDT,2025-08-27,0.7778,0.3159,pump
kucoin,VTHOUSDT,2026-02-06,0.5204,0.8719,pump
kucoin,VVVUSDT,2025-06-06,0.5302,1.066,pump
kucoin,WUSDT,2025-06-23,0.5498,0.2953,volatile_control
kucoin,WAIUSDT,2025-08-12,2.5385,0.5596,pump
kucoin,WALUSDT,2025-12-24,0.5403,0.7079,pump
kucoin,WANBTC,2025-10-12,5.625,0.3215,pump
kucoin,WARDUSDT,2026-02-04,2.1184,1.3083,pump
kucoin,WAVESBTC,2025-08-01,0.5085,0.1745,volatile_control
kucoin,WAVESUSDT,2025-08-01,0.5027,0.2136,volatile_control
kucoin,WAXLUSDT,2025-05-23,0.7568,0.6779,pump
kucoin,WAXPUSDT,2025-10-11,0.5116,1.173,pump
kucoin,WBAIUSDT,2025-10-15,8.53,0.9295,pump
kucoin,WBTCBTC,2025-10-17,1.9979,1.0003,pump
kucoin,WBTCUSDT,2025-10-17,1.7967,1.0306,pump
kucoin,WCTUSDT,2025-05-15,1.4958,1.0397,pump
kucoin,WELLUSDT,2025-05-16,0.5633,0.9039,pump
kucoin,WEMIXUSDT,2025-05-18,0.5293,0.4481,pump
kucoin,WENUSDT,2025-07-02,1.0861,0.2172,volatile_control
kucoin,WETUSDT,2025-12-09,5.7998,0.5284,pump
kucoin,WIFUSDT,2025-06-23,0.5592,0.3073,pump
kucoin,WILDUSDT,2025-06-30,1.822,0.3159,pump
kucoin,WINBTC,2025-11-19,0.8464,0.7129,pump
kucoin,WINUSDT,2025-11-19,0.7983,0.7282,pump
kucoin,WLUSDT,2026-03-31,4.3533,1.167,pump
kucoin,WLDUSDT,2025-05-18,0.5366,1.0688,pump
kucoin,WLFIUSDT,2025-09-01,3.6568,1.0755,pump
kucoin,WMTXUSDT,2025-08-28,0.5111,0.3364,pump
kucoin,WODUSDT,2025-09-02,0.5983,0.3013,pump
kucoin,WOOUSDT,2025-12-19,0.5238,0.2567,volatile_control
kucoin,WSDMUSDT,2025-09-04,0.5838,1.1302,pump
kucoin,XUSDT,2025-07-01,0.6396,0.6133,pump
kucoin,XAIUSDT,2025-06-23,0.5103,0.4293,pump
kucoin,XANUSDT,2025-09-29,70.829,0.9011,pump
kucoin,XAVAUSDT,2026-02-23,0.5245,0.1841,volatile_control
kucoin,XCHUSDT,2025-10-31,0.5261,0.8512,pump
kucoin,XCNUSDT,2025-12-19,2.0731,0.3865,pump
kucoin,XDBUSDT,2025-05-31,1.141,0.2338,volatile_control
kucoin,XDCBTC,2025-07-02,0.6533,0.2654,volatile_control
kucoin,XDCUSDT,2025-07-02,0.7785,0.1603,volatile_control
kucoin,XECUSDT,2026-04-22,0.5818,0.6755,pump
kucoin,XEMUSDT,2025-06-01,0.5313,1.8344,pump
kucoin,XENUSDT,2025-06-22,0.5281,1.3361,pump
kucoin,XIONUSDT,2025-05-24,0.6388,0.6193,pump
kucoin,XL1USDT,2025-09-16,16.9466,0.9239,pump
kucoin,XLABUSDT,2025-08-29,3.4,1.1365,pump
kucoin,XLMBTC,2025-06-26,0.9161,0.2341,volatile_control
kucoin,XLMUSDT,2025-06-26,1.1417,0.2367,volatile_control
kucoin,XMNUSDT,2025-10-15,2.0857,0.8336,pump
kucoin,XMRBTC,2025-10-22,0.6375,0.5301,pump
kucoin,XMRUSDT,2025-10-22,0.5467,0.5022,pump
kucoin,XNOUSDT,2025-10-18,0.8735,0.6548,pump
kucoin,XNYUSDT,2025-07-29,8.6785,0.4886,pump
kucoin,XOXOUSDT,2025-06-20,0.7039,0.879,pump
kucoin,XPINUSDT,2025-08-23,3.7021,0.4976,pump
kucoin,XPLUSDT,2025-09-25,32.858,0.7895,pump
kucoin,XPRUSDT,2025-06-24,0.6466,0.426,pump
kucoin,XPRTUSDT,2025-07-06,0.573,1.0431,pump
kucoin,XRUSDT,2025-08-07,0.8063,1.3965,pump
kucoin,XRDUSDT,2025-06-29,0.5731,0.5833,pump
kucoin,XRPBTC,2025-07-03,0.5088,0.1266,volatile_control
kucoin,XRPUSDT,2025-06-30,0.6588,0.1699,volatile_control
kucoin,XTERUSDT,2025-08-06,2.2314,0.7902,pump
kucoin,XTZBTC,2025-07-02,1.1291,0.3394,pump
kucoin,XTZUSDT,2025-07-02,1.3779,0.3263,pump
kucoin,XU3O8USDT,2026-01-10,1.182,0.8205,pump
kucoin,XYOBTC,2025-07-11,0.5062,0.8707,pump
kucoin,XYOUSDT,2025-06-26,0.6914,0.6656,pump
kucoin,YBUSDT,2025-10-15,8.106,0.6642,pump
kucoin,YGGUSDT,2025-08-26,0.8256,0.3106,pump
kucoin,YZYUSDT,2025-08-21,1.736,1.0497,pump
kucoin,ZAMAUSDT,2026-03-27,0.7816,0.6276,pump
kucoin,ZBCNUSDT,2025-05-15,3.5312,0.4191,pump
kucoin,ZBTUSDT,2025-10-17,10.3333,0.8971,pump
kucoin,ZECBTC,2025-09-14,1.9106,0.3269,pump
kucoin,ZECUSDT,2025-09-14,2.009,0.2992,volatile_control
kucoin,ZENUSDT,2025-09-15,0.512,0.4701,pump
kucoin,ZEREBROUSDT,2025-06-22,0.5745,0.7716,pump
kucoin,ZETAUSDT,2026-01-21,0.5397,1.4986,pump
kucoin,ZEUSUSDT,2025-06-06,0.5249,1.2017,pump
kucoin,ZEXUSDT,2025-05-17,0.7895,0.8489,pump
kucoin,ZIGUSDT,2025-12-18,1.2424,0.8971,pump
kucoin,ZILUSDT,2026-01-21,0.6073,1.2483,pump
kucoin,ZKUSDT,2025-06-23,0.5995,0.3448,pump
kucoin,ZKCUSDT,2025-09-15,15.863,0.8581,pump
kucoin,ZKJUSDT,2025-06-16,1.3668,1.3532,pump
kucoin,ZKPUSDT,2025-12-19,3.4632,0.575,pump
kucoin,ZKWASMUSDT,2025-07-22,1.5,1.1244,pump
kucoin,ZNDUSDT,2025-05-15,0.9721,1.2149,pump
kucoin,ZORAUSDT,2025-06-26,0.5162,0.3467,pump
kucoin,ZPAYUSDT,2025-08-12,1.6897,0.9864,pump
kucoin,ZROUSDT,2025-08-01,0.5012,0.7858,pump
kucoin,ZRXUSDT,2025-12-15,0.506,0.9471,pump
kucoin,ZTCUSDT,2026-01-07,1.6617,1.3768,pump
